"model","vars","test_acc","RMSE","SEE","MAD"
"nonlinear","FBDL",0.967213114754098,4.31064246629006,4.33439274227101,3.64504792786072
"nonlinear","FDB",0.958115183246073,8.22173543901304,8.26512220696692,6.95787908874225
"nonlinear","FDL",0.955555555555556,4.2937247420948,4.3177794106565,4.05792146736457
"nonlinear","FMSB",0.966666666666667,8.24902058553626,8.2952339476082,8.09711771413967
"nonlinear","HDB",0.949720670391061,7.38682218071578,7.42843840962246,7.02638306093876
"nonlinear","HDL",0.958333333333333,4.36215876618278,4.38835815349314,3.98869322898718
"nonlinear","HMSB",0.943181818181818,10.8497003591281,10.9118768014395,9.98140158152115
"nonlinear","HPB",0.959183673469388,7.61988480170909,7.67225576032806,7.75464348314596
"nonlinear","lower",0.949152542372881,4.03605162220143,4.05904925348094,3.76381544229531
"nonlinear","RDL",0.970414201183432,4.42967303366293,4.45611907777185,4.39289697036905
"nonlinear","RMSB",0.929824561403509,12.8618756658297,12.9377575965546,11.9261045227038
"nonlinear","RPB",0.914285714285714,8.54954684880266,8.59882418396207,7.8421959882305
"nonlinear","TDL",0.961325966850829,4.37534059822147,4.39971594336425,3.8181493448323
"nonlinear","TMSB",0.934065934065934,9.52186892072138,9.57462206080299,8.09336765500808
"nonlinear","TPB",0.93717277486911,8.10814921113087,8.15093657530334,7.74593822459276
"nonlinear","UDL",0.964912280701754,4.39305373558849,4.4189716816094,3.87686349168712
"nonlinear","UMSB",0.952662721893491,16.9397409969627,17.0408746775289,15.9107318640577
"nonlinear","upper",0.969135802469136,4.05056950430338,4.07580694164449,3.92936992468982
